,right_shoulder,right_elbow,right_wrist,left_shoulder,left_elbow,left_wrist
0,99.46188091983684,0.287133213027622,7.428570355723513,98.05747936140108,3.0559495337812956,11.021826006291832
