,right_shoulder,right_elbow,right_wrist,left_shoulder,left_elbow,left_wrist
0,161.3284252331941,36.343438306338406,8.056421298264778,35.9794642886087,7.436681911989897,3.972481070192864
