,right_shoulder,right_elbow,right_wrist,left_shoulder,left_elbow,left_wrist
0,68.07846423589721,13.280322671419633,3.4014472640521802,59.99941529217285,34.032760518675005,8.781018836892983
